,linear,binary
33554432,1.729362256526947,0.19803157091140747
